{"cameraMode":{"drawMode":0,"name":"Shaded","section":"Shading Mode"},"sceneLighting":false,"audioPlay":false,"sceneViewState":{"showFog":true,"showMaterialUpdate":false,"showSkybox":false,"showFlares":true,"showImageEffects":true,"showParticleSystems":true},"in2DMode":false,"pivot":{"x":3.760000228881836,"y":-45.29999923706055,"z":0.0},"rotation":{"x":0.0019887257367372514,"y":0.9861016869544983,"z":-0.01183378417044878,"w":0.16572000086307527},"size":0.35707151889801028,"orthographic":true}